id;financial_year;gender;number_of_beneficiaries;user_name;project_id
7000001;2017;Female;571;DummyDataMaDB;MDB112248
7000003;2017;Female;1408;DummyDataMaDB;MDB127280
7000005;2017;Female;1047;DummyDataMaDB;MDB254787
7000007;2017;Female;516;DummyDataMaDB;MDB358635
7000009;2017;Female;1031;DummyDataMaDB;MDB496283
7000011;2017;Female;1239;DummyDataMaDB;MDB872949
7000013;2018;Female;506;DummyDataMaDB;MDB112248
7000015;2018;Female;1426;DummyDataMaDB;MDB119209
7000017;2018;Female;876;DummyDataMaDB;MDB127280
7000019;2018;Female;328;DummyDataMaDB;MDB218889
7000021;2018;Female;1137;DummyDataMaDB;MDB254787
7000023;2018;Female;447;DummyDataMaDB;MDB358635
7000025;2018;Female;1321;DummyDataMaDB;MDB471196
7000027;2018;Female;983;DummyDataMaDB;MDB483574
7000029;2018;Female;782;DummyDataMaDB;MDB496283
7000031;2018;Female;585;DummyDataMaDB;MDB503574
7000033;2018;Female;1350;DummyDataMaDB;MDB700469
7000035;2018;Female;1171;DummyDataMaDB;MDB862477
7000037;2018;Female;885;DummyDataMaDB;MDB872949
7000039;2018;Female;817;DummyDataMaDB;MDB934806
7000041;2019;Female;1267;DummyDataMaDB;MDB119209
7000043;2019;Female;509;DummyDataMaDB;MDB176622
7000045;2019;Female;1372;DummyDataMaDB;MDB183360
7000047;2019;Female;690;DummyDataMaDB;MDB218889
7000049;2019;Female;665;DummyDataMaDB;MDB219984
7000051;2019;Female;470;DummyDataMaDB;MDB230931
7000053;2019;Female;386;DummyDataMaDB;MDB289572
7000055;2019;Female;1342;DummyDataMaDB;MDB338483
7000057;2019;Female;849;DummyDataMaDB;MDB392780
7000059;2019;Female;1393;DummyDataMaDB;MDB452975
7000061;2019;Female;1008;DummyDataMaDB;MDB467501
7000063;2019;Female;1394;DummyDataMaDB;MDB471196
7000065;2019;Female;682;DummyDataMaDB;MDB483574
7000067;2019;Female;333;DummyDataMaDB;MDB503231
7000069;2019;Female;962;DummyDataMaDB;MDB503574
7000071;2019;Female;830;DummyDataMaDB;MDB503907
7000073;2019;Female;795;DummyDataMaDB;MDB547689
7000075;2019;Female;926;DummyDataMaDB;MDB700469
7000077;2019;Female;1125;DummyDataMaDB;MDB762982
7000079;2019;Female;449;DummyDataMaDB;MDB782997
7000081;2019;Female;939;DummyDataMaDB;MDB793275
7000083;2019;Female;783;DummyDataMaDB;MDB807002
7000085;2019;Female;974;DummyDataMaDB;MDB838354
7000087;2019;Female;1038;DummyDataMaDB;MDB862477
7000089;2019;Female;1439;DummyDataMaDB;MDB865078
7000091;2019;Female;359;DummyDataMaDB;MDB892423
7000093;2019;Female;753;DummyDataMaDB;MDB921777
7000095;2019;Female;1107;DummyDataMaDB;MDB934806
7000097;2019;Female;1074;DummyDataMaDB;MDB964176
7000099;2020;Female;415;DummyDataMaDB;MDB150167
7000101;2020;Female;1093;DummyDataMaDB;MDB176622
7000103;2020;Female;445;DummyDataMaDB;MDB183360
7000105;2020;Female;1155;DummyDataMaDB;MDB201477
7000107;2020;Female;637;DummyDataMaDB;MDB216776
7000109;2020;Female;1044;DummyDataMaDB;MDB219984
7000111;2020;Female;1192;DummyDataMaDB;MDB289572
7000113;2020;Female;1481;DummyDataMaDB;MDB338483
7000115;2020;Female;1134;DummyDataMaDB;MDB368228
7000117;2020;Female;1118;DummyDataMaDB;MDB467501
7000119;2020;Female;1054;DummyDataMaDB;MDB481471
7000121;2020;Female;660;DummyDataMaDB;MDB497394
7000123;2020;Female;1394;DummyDataMaDB;MDB503907
7000125;2020;Female;830;DummyDataMaDB;MDB528133
7000127;2020;Female;806;DummyDataMaDB;MDB547689
7000129;2020;Female;513;DummyDataMaDB;MDB627714
7000131;2020;Female;1138;DummyDataMaDB;MDB681606
7000133;2020;Female;763;DummyDataMaDB;MDB728707
7000135;2020;Female;357;DummyDataMaDB;MDB735815
7000137;2020;Female;819;DummyDataMaDB;MDB793275
7000139;2020;Female;775;DummyDataMaDB;MDB797324
7000141;2020;Female;1341;DummyDataMaDB;MDB807002
7000143;2020;Female;546;DummyDataMaDB;MDB845882
7000145;2020;Female;1110;DummyDataMaDB;MDB889194
7000147;2020;Female;338;DummyDataMaDB;MDB892423
7000149;2020;Female;990;DummyDataMaDB;MDB921777
7000151;2020;Female;937;DummyDataMaDB;MDB964176
7000153;2020;Female;777;DummyDataMaDB;MDB997447
7000002;2017;Male;954;DummyDataMaDB;MDB112248
7000004;2017;Male;1345;DummyDataMaDB;MDB127280
7000006;2017;Male;626;DummyDataMaDB;MDB254787
7000008;2017;Male;1156;DummyDataMaDB;MDB358635
7000010;2017;Male;447;DummyDataMaDB;MDB496283
7000012;2017;Male;725;DummyDataMaDB;MDB872949
7000014;2018;Male;314;DummyDataMaDB;MDB112248
7000016;2018;Male;566;DummyDataMaDB;MDB119209
7000018;2018;Male;775;DummyDataMaDB;MDB127280
7000020;2018;Male;1018;DummyDataMaDB;MDB218889
7000022;2018;Male;502;DummyDataMaDB;MDB254787
7000024;2018;Male;695;DummyDataMaDB;MDB358635
7000026;2018;Male;539;DummyDataMaDB;MDB471196
7000028;2018;Male;683;DummyDataMaDB;MDB483574
7000030;2018;Male;437;DummyDataMaDB;MDB496283
7000032;2018;Male;1204;DummyDataMaDB;MDB503574
7000034;2018;Male;1411;DummyDataMaDB;MDB700469
7000036;2018;Male;806;DummyDataMaDB;MDB862477
7000038;2018;Male;1463;DummyDataMaDB;MDB872949
7000040;2018;Male;1403;DummyDataMaDB;MDB934806
7000042;2019;Male;544;DummyDataMaDB;MDB119209
7000044;2019;Male;1024;DummyDataMaDB;MDB176622
7000046;2019;Male;1034;DummyDataMaDB;MDB183360
7000048;2019;Male;339;DummyDataMaDB;MDB218889
7000050;2019;Male;363;DummyDataMaDB;MDB219984
7000052;2019;Male;920;DummyDataMaDB;MDB230931
7000054;2019;Male;306;DummyDataMaDB;MDB289572
7000056;2019;Male;596;DummyDataMaDB;MDB338483
7000058;2019;Male;1126;DummyDataMaDB;MDB392780
7000060;2019;Male;1402;DummyDataMaDB;MDB452975
7000062;2019;Male;774;DummyDataMaDB;MDB467501
7000064;2019;Male;649;DummyDataMaDB;MDB471196
7000066;2019;Male;637;DummyDataMaDB;MDB483574
7000068;2019;Male;1035;DummyDataMaDB;MDB503231
7000070;2019;Male;1029;DummyDataMaDB;MDB503574
7000072;2019;Male;483;DummyDataMaDB;MDB503907
7000074;2019;Male;451;DummyDataMaDB;MDB547689
7000076;2019;Male;1305;DummyDataMaDB;MDB700469
7000078;2019;Male;567;DummyDataMaDB;MDB762982
7000080;2019;Male;1282;DummyDataMaDB;MDB782997
7000082;2019;Male;739;DummyDataMaDB;MDB793275
7000084;2019;Male;744;DummyDataMaDB;MDB807002
7000086;2019;Male;1445;DummyDataMaDB;MDB838354
7000088;2019;Male;1334;DummyDataMaDB;MDB862477
7000090;2019;Male;1273;DummyDataMaDB;MDB865078
7000092;2019;Male;951;DummyDataMaDB;MDB892423
7000094;2019;Male;478;DummyDataMaDB;MDB921777
7000096;2019;Male;1114;DummyDataMaDB;MDB934806
7000098;2019;Male;1333;DummyDataMaDB;MDB964176
7000100;2020;Male;304;DummyDataMaDB;MDB150167
7000102;2020;Male;490;DummyDataMaDB;MDB176622
7000104;2020;Male;744;DummyDataMaDB;MDB183360
7000106;2020;Male;782;DummyDataMaDB;MDB201477
7000108;2020;Male;904;DummyDataMaDB;MDB216776
7000110;2020;Male;797;DummyDataMaDB;MDB219984
7000112;2020;Male;1330;DummyDataMaDB;MDB289572
7000114;2020;Male;1349;DummyDataMaDB;MDB338483
7000116;2020;Male;659;DummyDataMaDB;MDB368228
7000118;2020;Male;1333;DummyDataMaDB;MDB467501
7000120;2020;Male;1181;DummyDataMaDB;MDB481471
7000122;2020;Male;501;DummyDataMaDB;MDB497394
7000124;2020;Male;1109;DummyDataMaDB;MDB503907
7000126;2020;Male;973;DummyDataMaDB;MDB528133
7000128;2020;Male;497;DummyDataMaDB;MDB547689
7000130;2020;Male;1374;DummyDataMaDB;MDB627714
7000132;2020;Male;1028;DummyDataMaDB;MDB681606
7000134;2020;Male;301;DummyDataMaDB;MDB728707
7000136;2020;Male;606;DummyDataMaDB;MDB735815
7000138;2020;Male;1420;DummyDataMaDB;MDB793275
7000140;2020;Male;1486;DummyDataMaDB;MDB797324
7000142;2020;Male;1253;DummyDataMaDB;MDB807002
7000144;2020;Male;580;DummyDataMaDB;MDB845882
7000146;2020;Male;616;DummyDataMaDB;MDB889194
7000148;2020;Male;449;DummyDataMaDB;MDB892423
7000150;2020;Male;394;DummyDataMaDB;MDB921777
7000152;2020;Male;931;DummyDataMaDB;MDB964176
7000154;2020;Male;633;DummyDataMaDB;MDB997447
