id;country;email;first_name;functions;last_name;type_of_contact;user_name;project_id
6000001;Netherlands;christa.cuenca@plananywhere.org;Christa;Senior Programme Manager;Cuenca;Primary;DummyDataMaDB;MDB112248
6000002;Netherlands;christa.cuenca@plananywhere.org;Christa;Senior Programme Manager;Cuenca;Primary;DummyDataMaDB;MDB119209
6000003;Netherlands;christa.cuenca@plananywhere.org;Christa;Senior Programme Manager;Cuenca;Primary;DummyDataMaDB;MDB127280
6000004;Netherlands;christa.cuenca@plananywhere.org;Christa;Senior Programme Manager;Cuenca;Primary;DummyDataMaDB;MDB150167
6000005;Netherlands;christa.cuenca@plananywhere.org;Christa;Senior Programme Manager;Cuenca;Primary;DummyDataMaDB;MDB176622
6000006;Netherlands;christa.cuenca@plananywhere.org;Christa;Senior Programme Manager;Cuenca;Primary;DummyDataMaDB;MDB183360
6000007;Netherlands;christa.cuenca@plananywhere.org;Christa;Senior Programme Manager;Cuenca;Primary;DummyDataMaDB;MDB201477
6000008;Netherlands;christa.cuenca@plananywhere.org;Christa;Senior Programme Manager;Cuenca;Primary;DummyDataMaDB;MDB216776
6000009;Netherlands;christa.cuenca@plananywhere.org;Christa;Senior Programme Manager;Cuenca;Primary;DummyDataMaDB;MDB218889
6000010;Netherlands;christa.cuenca@plananywhere.org;Christa;Senior Programme Manager;Cuenca;Primary;DummyDataMaDB;MDB219984
6000011;Netherlands;christa.cuenca@plananywhere.org;Christa;Senior Programme Manager;Cuenca;Primary;DummyDataMaDB;MDB230931
6000012;Netherlands;christa.cuenca@plananywhere.org;Christa;Senior Programme Manager;Cuenca;Primary;DummyDataMaDB;MDB254787
6000013;Netherlands;christa.cuenca@plananywhere.org;Christa;Senior Programme Manager;Cuenca;Primary;DummyDataMaDB;MDB289572
6000014;Netherlands;christa.cuenca@plananywhere.org;Christa;Senior Programme Manager;Cuenca;Primary;DummyDataMaDB;MDB338483
6000015;Netherlands;christa.cuenca@plananywhere.org;Christa;Senior Programme Manager;Cuenca;Primary;DummyDataMaDB;MDB358635
6000016;Netherlands;christa.cuenca@plananywhere.org;Christa;Senior Programme Manager;Cuenca;Primary;DummyDataMaDB;MDB368228
6000017;Netherlands;christa.cuenca@plananywhere.org;Christa;Senior Programme Manager;Cuenca;Primary;DummyDataMaDB;MDB392780
6000018;Netherlands;hiedi.halliwell@plananywhere.org;Hiedi;Regional Network Coordinator;Halliwell;Primary;DummyDataMaDB;MDB452975
6000019;Netherlands;hiedi.halliwell@plananywhere.org;Hiedi;Regional Network Coordinator;Halliwell;Primary;DummyDataMaDB;MDB467501
6000020;Netherlands;hiedi.halliwell@plananywhere.org;Hiedi;Regional Network Coordinator;Halliwell;Primary;DummyDataMaDB;MDB471196
6000021;Netherlands;hiedi.halliwell@plananywhere.org;Hiedi;Regional Network Coordinator;Halliwell;Primary;DummyDataMaDB;MDB481471
6000022;Netherlands;hiedi.halliwell@plananywhere.org;Hiedi;Regional Network Coordinator;Halliwell;Primary;DummyDataMaDB;MDB483574
6000023;Netherlands;hiedi.halliwell@plananywhere.org;Hiedi;Regional Network Coordinator;Halliwell;Primary;DummyDataMaDB;MDB496283
6000024;Netherlands;hiedi.halliwell@plananywhere.org;Hiedi;Regional Network Coordinator;Halliwell;Primary;DummyDataMaDB;MDB497394
6000025;Netherlands;hiedi.halliwell@plananywhere.org;Hiedi;Regional Network Coordinator;Halliwell;Primary;DummyDataMaDB;MDB503231
6000026;Netherlands;hiedi.halliwell@plananywhere.org;Hiedi;Regional Network Coordinator;Halliwell;Primary;DummyDataMaDB;MDB503574
6000027;Netherlands;hiedi.halliwell@plananywhere.org;Hiedi;Regional Network Coordinator;Halliwell;Primary;DummyDataMaDB;MDB503907
6000028;Netherlands;hiedi.halliwell@plananywhere.org;Hiedi;Regional Network Coordinator;Halliwell;Primary;DummyDataMaDB;MDB528133
6000029;Netherlands;hiedi.halliwell@plananywhere.org;Hiedi;Regional Network Coordinator;Halliwell;Primary;DummyDataMaDB;MDB547689
6000030;Netherlands;kym.knerr@plananywhere.org;Kym;Chief Programmes Officer;Knerr;Primary;DummyDataMaDB;MDB627714
6000031;Netherlands;kym.knerr@plananywhere.org;Kym;Chief Programmes Officer;Knerr;Primary;DummyDataMaDB;MDB681606
6000032;Netherlands;kym.knerr@plananywhere.org;Kym;Chief Programmes Officer;Knerr;Primary;DummyDataMaDB;MDB700469
6000033;Netherlands;kym.knerr@plananywhere.org;Kym;Chief Programmes Officer;Knerr;Primary;DummyDataMaDB;MDB728707
6000034;Netherlands;kym.knerr@plananywhere.org;Kym;Chief Programmes Officer;Knerr;Primary;DummyDataMaDB;MDB735815
6000035;Netherlands;kym.knerr@plananywhere.org;Kym;Chief Programmes Officer;Knerr;Primary;DummyDataMaDB;MDB762982
6000036;Netherlands;kym.knerr@plananywhere.org;Kym;Chief Programmes Officer;Knerr;Primary;DummyDataMaDB;MDB782997
6000037;Netherlands;kym.knerr@plananywhere.org;Kym;Chief Programmes Officer;Knerr;Primary;DummyDataMaDB;MDB793275
6000038;Netherlands;kym.knerr@plananywhere.org;Kym;Chief Programmes Officer;Knerr;Primary;DummyDataMaDB;MDB797324
6000039;Netherlands;kym.knerr@plananywhere.org;Kym;Chief Programmes Officer;Knerr;Primary;DummyDataMaDB;MDB807002
6000040;Netherlands;kym.knerr@plananywhere.org;Kym;Chief Programmes Officer;Knerr;Primary;DummyDataMaDB;MDB838354
6000041;Netherlands;kym.knerr@plananywhere.org;Kym;Chief Programmes Officer;Knerr;Primary;DummyDataMaDB;MDB845882
6000042;Netherlands;kym.knerr@plananywhere.org;Kym;Chief Programmes Officer;Knerr;Primary;DummyDataMaDB;MDB862477
6000043;Netherlands;monet.matte@plananywhere.org;Monet;International Programme Coordinator;Matte;Primary;DummyDataMaDB;MDB865078
6000044;Netherlands;monet.matte@plananywhere.org;Monet;International Programme Coordinator;Matte;Primary;DummyDataMaDB;MDB872949
6000045;Netherlands;monet.matte@plananywhere.org;Monet;International Programme Coordinator;Matte;Primary;DummyDataMaDB;MDB889194
6000046;Netherlands;monet.matte@plananywhere.org;Monet;International Programme Coordinator;Matte;Primary;DummyDataMaDB;MDB892423
6000047;Netherlands;monet.matte@plananywhere.org;Monet;International Programme Coordinator;Matte;Primary;DummyDataMaDB;MDB921777
6000048;Netherlands;monet.matte@plananywhere.org;Monet;International Programme Coordinator;Matte;Primary;DummyDataMaDB;MDB934806
6000049;Netherlands;monet.matte@plananywhere.org;Monet;International Programme Coordinator;Matte;Primary;DummyDataMaDB;MDB964176
6000050;Netherlands;monet.matte@plananywhere.org;Monet;International Programme Coordinator;Matte;Primary;DummyDataMaDB;MDB997447
6000051;Netherlands;alexa.amezquita@plananywhere.org;Alexa;Junior Project Manager;Amezquita;Secondary;DummyDataMaDB;MDB921777
6000052;Netherlands;alexa.amezquita@plananywhere.org;Alexa;Junior Project Manager;Amezquita;Secondary;DummyDataMaDB;MDB934806
6000053;Netherlands;alexa.amezquita@plananywhere.org;Alexa;Junior Project Manager;Amezquita;Secondary;DummyDataMaDB;MDB964176
6000054;Netherlands;alexa.amezquita@plananywhere.org;Alexa;Junior Project Manager;Amezquita;Secondary;DummyDataMaDB;MDB997447
6000055;Netherlands;alvin.abler@plananywhere.org;Alvin;Project Administrator;Abler;Secondary;DummyDataMaDB;MDB112248
6000056;Netherlands;alvin.abler@plananywhere.org;Alvin;Project Administrator;Abler;Secondary;DummyDataMaDB;MDB119209
6000057;Netherlands;alvin.abler@plananywhere.org;Alvin;Project Administrator;Abler;Secondary;DummyDataMaDB;MDB127280
6000058;Netherlands;alvin.abler@plananywhere.org;Alvin;Project Administrator;Abler;Secondary;DummyDataMaDB;MDB150167
6000059;Netherlands;alvin.abler@plananywhere.org;Alvin;Project Administrator;Abler;Secondary;DummyDataMaDB;MDB176622
6000060;Netherlands;alvin.abler@plananywhere.org;Alvin;Project Administrator;Abler;Secondary;DummyDataMaDB;MDB183360
6000061;Netherlands;alvin.abler@plananywhere.org;Alvin;Project Administrator;Abler;Secondary;DummyDataMaDB;MDB201477
6000062;Netherlands;amee.altamirano@plananywhere.org;Amee;Project Administrator;Altamirano;Secondary;DummyDataMaDB;MDB216776
6000063;Netherlands;amee.altamirano@plananywhere.org;Amee;Project Administrator;Altamirano;Secondary;DummyDataMaDB;MDB218889
6000064;Netherlands;amee.altamirano@plananywhere.org;Amee;Project Administrator;Altamirano;Secondary;DummyDataMaDB;MDB219984
6000065;Netherlands;amee.altamirano@plananywhere.org;Amee;Project Administrator;Altamirano;Secondary;DummyDataMaDB;MDB230931
6000066;Netherlands;amee.altamirano@plananywhere.org;Amee;Project Administrator;Altamirano;Secondary;DummyDataMaDB;MDB254787
6000067;Netherlands;amee.altamirano@plananywhere.org;Amee;Project Administrator;Altamirano;Secondary;DummyDataMaDB;MDB289572
6000068;Netherlands;amee.altamirano@plananywhere.org;Amee;Project Administrator;Altamirano;Secondary;DummyDataMaDB;MDB338483
6000069;Netherlands;amee.altamirano@plananywhere.org;Amee;Project Administrator;Altamirano;Secondary;DummyDataMaDB;MDB358635
6000070;Netherlands;bobbi.bourgault@plananywhere.org;Bobbi;Project Administrator;Bourgault;Secondary;DummyDataMaDB;MDB368228
6000071;Netherlands;bobbi.bourgault@plananywhere.org;Bobbi;Project Administrator;Bourgault;Secondary;DummyDataMaDB;MDB392780
6000072;Netherlands;bobbi.bourgault@plananywhere.org;Bobbi;Project Administrator;Bourgault;Secondary;DummyDataMaDB;MDB452975
6000073;Netherlands;bobbi.bourgault@plananywhere.org;Bobbi;Project Administrator;Bourgault;Secondary;DummyDataMaDB;MDB467501
6000074;Netherlands;bobbi.bourgault@plananywhere.org;Bobbi;Project Administrator;Bourgault;Secondary;DummyDataMaDB;MDB471196
6000075;Netherlands;bobbi.bourgault@plananywhere.org;Bobbi;Project Administrator;Bourgault;Secondary;DummyDataMaDB;MDB481471
6000076;Netherlands;bobbi.bourgault@plananywhere.org;Bobbi;Project Administrator;Bourgault;Secondary;DummyDataMaDB;MDB483574
6000077;Netherlands;bobbi.bourgault@plananywhere.org;Bobbi;Project Administrator;Bourgault;Secondary;DummyDataMaDB;MDB496283
6000078;Netherlands;carin.craven@plananywhere.org;Carin;Project Administrator;Craven;Secondary;DummyDataMaDB;MDB497394
6000079;Netherlands;carin.craven@plananywhere.org;Carin;Project Administrator;Craven;Secondary;DummyDataMaDB;MDB503231
6000080;Netherlands;carin.craven@plananywhere.org;Carin;Project Administrator;Craven;Secondary;DummyDataMaDB;MDB503574
6000081;Netherlands;carin.craven@plananywhere.org;Carin;Project Administrator;Craven;Secondary;DummyDataMaDB;MDB503907
6000082;Netherlands;charley.chesley@plananywhere.org;Charley;Project Manager;Chesley;Secondary;DummyDataMaDB;MDB528133
6000083;Netherlands;elda.echevarria@plananywhere.org;Elda;Project Manager;Echevarria;Secondary;DummyDataMaDB;MDB547689
6000084;Netherlands;jenine.jerman@plananywhere.org;Jenine;Project Manager;Jerman;Secondary;DummyDataMaDB;MDB627714
6000085;Netherlands;jovita.jury@plananywhere.org;Jovita;Project Administrator;Jury;Secondary;DummyDataMaDB;MDB681606
6000086;Netherlands;kary.kamp@plananywhere.org;Kary;Project Administrator;Kamp;Secondary;DummyDataMaDB;MDB700469
6000087;Netherlands;keli.kleiber@plananywhere.org;Keli;Project Manager;Kleiber;Secondary;DummyDataMaDB;MDB728707
6000088;Netherlands;kerri.kaspar@plananywhere.org;Kerri;Junior Project Manager;Kaspar;Secondary;DummyDataMaDB;MDB735815
6000089;Netherlands;lyndsey.lass@plananywhere.org;Lyndsey;Junior Project Manager;Lass;Secondary;DummyDataMaDB;MDB762982
6000090;Netherlands;maisha.mollett@plananywhere.org;Maisha;Project Manager;Mollett;Secondary;DummyDataMaDB;MDB782997
6000091;Netherlands;tracee.treadwell@plananywhere.org;Tracee;Project Manager;Treadwell;Secondary;DummyDataMaDB;MDB793275
6000092;Netherlands;trudie.tortora@plananywhere.org;Trudie;Project Administrator;Tortora;Secondary;DummyDataMaDB;MDB797324
6000093;Netherlands;kerri.kaspar@plananywhere.org;Kerri;Junior Project Manager;Kaspar;Secondary;DummyDataMaDB;MDB807002
6000094;Netherlands;lyndsey.lass@plananywhere.org;Lyndsey;Junior Project Manager;Lass;Secondary;DummyDataMaDB;MDB838354
6000095;Netherlands;maisha.mollett@plananywhere.org;Maisha;Project Manager;Mollett;Secondary;DummyDataMaDB;MDB845882
6000096;Netherlands;tracee.treadwell@plananywhere.org;Tracee;Project Manager;Treadwell;Secondary;DummyDataMaDB;MDB862477
6000097;Netherlands;trudie.tortora@plananywhere.org;Trudie;Project Administrator;Tortora;Secondary;DummyDataMaDB;MDB865078
6000098;Netherlands;kerri.kaspar@plananywhere.org;Kerri;Junior Project Manager;Kaspar;Secondary;DummyDataMaDB;MDB872949
6000099;Netherlands;lyndsey.lass@plananywhere.org;Lyndsey;Junior Project Manager;Lass;Secondary;DummyDataMaDB;MDB889194
6000100;Netherlands;kerri.kaspar@plananywhere.org;Kerri;Junior Project Manager;Kaspar;Secondary;DummyDataMaDB;MDB892423
